MAP_ID;MAP_DESCRIPTION;AREA_ID;AREA_LB_0;AREA_LB_1;AREA_LB_2
0;sardegna;0;SARDEGNA;SARDEGNA;SARDEGNA
1;comuni;184;CO: OLBIA;OLBIA;SASSARI
1;comuni;86;CO: ELMAS;ELMAS;CAGLIARI
1;comuni;18;CO: ASSOLO;ASSOLO;ORISTANO
1;comuni;15;CO: ARZACHENA;ARZACHENA;SASSARI
1;comuni;19;CO: ASUNI;ASUNI;ORISTANO
1;comuni;68;CO: CASTIADAS;CASTIADAS;SUD SARDEGNA
1;comuni;232;CO: QUARTUCCIU;QUARTUCCIU;CAGLIARI
1;comuni;355;CO: VILLAPUTZU;VILLAPUTZU;SUD SARDEGNA
1;comuni;297;CO: SODDI';SODDI';ORISTANO
1;comuni;357;CO: VILLASIMIUS;VILLASIMIUS;SUD SARDEGNA
1;comuni;344;CO: VILLA SAN PIETRO;VILLA SAN PIETRO;CAGLIARI
1;comuni;356;CO: VILLASALTO;VILLASALTO;SUD SARDEGNA
1;comuni;75;CO: CURCURIS POMPU;CURCURIS;ORISTANO
1;comuni;271;CO: SENEGHE;SENEGHE;ORISTANO
1;comuni;265;CO: SEDILO;SEDILO;ORISTANO
1;comuni;264;CO: SCANO DI MONTIFERRO;SCANO DI MONTIFERRO;ORISTANO
1;comuni;285;CO: SIAPICCIA;SIAPICCIA;ORISTANO
1;comuni;362;CO: ZERFALIU;ZERFALIU;ORISTANO
1;comuni;361;CO: ZEDDIANI;ZEDDIANI;ORISTANO
1;comuni;359;CO: VILLASPECIOSA;VILLASPECIOSA;SUD SARDEGNA
1;comuni;358;CO: VILLASOR;VILLASOR;SUD SARDEGNA
1;comuni;60;CO: CALANGIANUS;CALANGIANUS;SASSARI
1;comuni;50;CO: BUDDUSO';BUDDUSO';SASSARI
1;comuni;47;CO: BORTIGIADAS;BORTIGIADAS;SASSARI
1;comuni;127;CO: LA MADDALENA;LA MADDALENA;SASSARI
1;comuni;248;CO: SAN VERO MILIS;SAN VERO MILIS;ORISTANO
1;comuni;34;CO: BERCHIDDA;BERCHIDDA;SASSARI
1;comuni;160;CO: MONTI;MONTI;SASSARI
1;comuni;140;CO: LUOGOSANTO;LUOGOSANTO;SASSARI
1;comuni;141;CO: LURAS;LURAS;SASSARI
1;comuni;348;CO: VILLAMAR;VILLAMAR;SUD SARDEGNA
1;comuni;346;CO: VILLACIDRO;VILLACIDRO;SUD SARDEGNA
1;comuni;352;CO: VILLANOVAFORRU;VILLANOVAFORRU;SUD SARDEGNA
1;comuni;349;CO: VILLAMASSARGIA;VILLAMASSARGIA;SUD SARDEGNA
1;comuni;334;CO: URZULEI;URZULEI;NUORO
1;comuni;331;CO: ULASSAI;ULASSAI;NUORO
1;comuni;325;CO: TRIEI;TRIEI;NUORO
1;comuni;321;CO: TORTOLI';TORTOLI';NUORO
1;comuni;338;CO: USSARAMANNA;USSARAMANNA;SUD SARDEGNA
1;comuni;329;CO: TURRI;TURRI;SUD SARDEGNA
1;comuni;327;CO: TUILI;TUILI;SUD SARDEGNA
1;comuni;323;CO: TRATALIAS;TRATALIAS;SUD SARDEGNA
1;comuni;58;CO: CABRAS;CABRAS;ORISTANO
1;comuni;74;CO: CUGLIERI;CUGLIERI;ORISTANO
1;comuni;354;CO: VILLAPERUCCIO;VILLAPERUCCIO;SUD SARDEGNA
1;comuni;150;CO: MASAINAS;MASAINAS;SUD SARDEGNA
1;comuni;353;CO: VILLANOVAFRANCA;VILLANOVAFRANCA;SUD SARDEGNA
1;comuni;223;CO: PISCINAS;PISCINAS;SUD SARDEGNA
1;comuni;57;CO: BUSACHI;BUSACHI;ORISTANO
1;comuni;247;CO: SAN TEODORO;SAN TEODORO;SASSARI
1;comuni;311;CO: TERTENIA;TERTENIA;NUORO
1;comuni;305;CO: SUNI;SUNI;ORISTANO
1;comuni;282;CO: SEULO GADONI;SEULO;SUD SARDEGNA
1;comuni;281;CO: SEUI;SEUI;SUD SARDEGNA
1;comuni;306;CO: TALANA;TALANA;NUORO
1;comuni;216;CO: PAU;PAU;ORISTANO
1;comuni;214;CO: PALMAS ARBOREA;PALMAS ARBOREA;ORISTANO
1;comuni;218;CO: PAULILATINO;PAULILATINO;ORISTANO
1;comuni;195;CO: ORISTANO;ORISTANO;ORISTANO
1;comuni;233;CO: RIOLA SARDO;RIOLA SARDO;ORISTANO
1;comuni;259;CO: SANTU LUSSURGIU;SANTU LUSSURGIU;ORISTANO
1;comuni;345;CO: VILLA SANT'ANTONIO;VILLA SANT'ANTONIO;ORISTANO
1;comuni;255;CO: SANTA GIUSTA;SANTA GIUSTA;ORISTANO
1;comuni;240;CO: SAMUGHEO;SAMUGHEO;ORISTANO
1;comuni;235;CO: RUINAS;RUINAS;ORISTANO
1;comuni;244;CO: SAN NICOLO' D'ARCIDANO;SAN NICOLO' D'ARCIDANO;ORISTANO
1;comuni;148;CO: MARRUBIU;MARRUBIU;ORISTANO
1;comuni;115;CO: GONNOSTRAMATZA GONNOSCODINA;GONNOSTRAMATZA;ORISTANO
1;comuni;114;CO: GONNOSNO';GONNOSNO';ORISTANO
1;comuni;106;CO: GHILARZA TADASUNI;GHILARZA;ORISTANO
1;comuni;153;CO: MILIS;MILIS;ORISTANO
1;comuni;151;CO: MASULLAS;MASULLAS;ORISTANO
1;comuni;96;CO: FORDONGIANUS;FORDONGIANUS;ORISTANO
1;comuni;155;CO: MOGORELLA;MOGORELLA;ORISTANO
1;comuni;156;CO: MOGORO;MOGORO;ORISTANO
1;comuni;186;CO: OLLASTRA;OLLASTRA;ORISTANO
1;comuni;181;CO: NURECI;NURECI;ORISTANO
1;comuni;177;CO: NURACHI;NURACHI;ORISTANO
1;comuni;167;CO: NARBOLIA;NARBOLIA;ORISTANO
1;comuni;163;CO: MORGONGIORI;MORGONGIORI;ORISTANO
1;comuni;173;CO: NUGHEDU SANTA VITTORIA;NUGHEDU SANTA VITTORIA;ORISTANO
1;comuni;171;CO: NORBELLO;NORBELLO;ORISTANO
1;comuni;169;CO: NEONELI;NEONELI;ORISTANO
1;comuni;249;CO: SAN VITO;SAN VITO;SUD SARDEGNA
1;comuni;52;CO: BUGGERRU;BUGGERRU;SUD SARDEGNA
1;comuni;276;CO: SERDIANA;SERDIANA;SUD SARDEGNA
1;comuni;268;CO: SELARGIUS;SELARGIUS;CAGLIARI
1;comuni;269;CO: SELEGAS;SELEGAS;SUD SARDEGNA
1;comuni;251;CO: SANT'ANDREA FRIUS;SANT'ANDREA FRIUS;SUD SARDEGNA
1;comuni;275;CO: SENORBI';SENORBI';SUD SARDEGNA
1;comuni;280;CO: SETTIMO SAN PIETRO;SETTIMO SAN PIETRO;CAGLIARI
1;comuni;279;CO: SESTU;SESTU;CAGLIARI
1;comuni;63;CO: CARBONIA;CARBONIA;SUD SARDEGNA
1;comuni;61;CO: CALASETTA;CALASETTA;SUD SARDEGNA
1;comuni;3;CO: AIDOMAGGIORE;AIDOMAGGIORE;ORISTANO
1;comuni;0;CO: ABBASANTA;ABBASANTA;ORISTANO
1;comuni;158;CO: MONSERRATO;MONSERRATO;CAGLIARI
1;comuni;5;CO: ALBAGIARA;ALBAGIARA;ORISTANO
1;comuni;9;CO: ARBOREA;ARBOREA;ORISTANO
1;comuni;8;CO: ALLAI;ALLAI;ORISTANO
1;comuni;6;CO: ALES;ALES;ORISTANO
1;comuni;40;CO: BONARCADO;BONARCADO;ORISTANO
1;comuni;36;CO: BIDONI';BIDONI';ORISTANO
1;comuni;30;CO: BAULADU;BAULADU;ORISTANO
1;comuni;26;CO: BARESSA;BARESSA;ORISTANO
1;comuni;25;CO: BARATILI SAN PIETRO;BARATILI SAN PIETRO;ORISTANO
1;comuni;360;CO: VILLAURBANA;VILLAURBANA;ORISTANO
1;comuni;44;CO: BORONEDDU;BORONEDDU;ORISTANO
1;comuni;261;CO: SARROCH;SARROCH;CAGLIARI
1;comuni;12;CO: ARDAULI;ARDAULI;ORISTANO
1;comuni;313;CO: TEULADA;TEULADA;SUD SARDEGNA
1;comuni;340;CO: UTA;UTA;CAGLIARI
1;comuni;339;CO: USSASSAI;USSASSAI;NUORO
1;comuni;337;CO: USSANA;USSANA;SUD SARDEGNA
1;comuni;304;CO: SUELLI;SUELLI;SUD SARDEGNA
1;comuni;299;CO: SOLEMINIS;SOLEMINIS;SUD SARDEGNA
1;comuni;296;CO: SIURGUS DONIGALA;SIURGUS DONIGALA;SUD SARDEGNA
1;comuni;10;CO: ARBUS;ARBUS;SUD SARDEGNA
1;comuni;64;CO: CARDEDU;CARDEDU;NUORO
1;comuni;342;CO: VALLERMOSA;VALLERMOSA;SUD SARDEGNA
1;comuni;347;CO: VILLAGRANDE STRISAILI;VILLAGRANDE STRISAILI;NUORO
1;comuni;66;CO: CARLOFORTE;CARLOFORTE;SUD SARDEGNA
1;comuni;81;CO: DOMUSNOVAS;DOMUSNOVAS;SUD SARDEGNA
1;comuni;72;CO: COLLINAS;COLLINAS;SUD SARDEGNA
1;comuni;93;CO: FLUMINIMAGGIORE;FLUMINIMAGGIORE;SUD SARDEGNA
1;comuni;294;CO: SINNAI;SINNAI;CAGLIARI
1;comuni;97;CO: FURTEI;FURTEI;SUD SARDEGNA
1;comuni;102;CO: GENURI SETZU SINI BARADILI;GENURI;SUD SARDEGNA
1;comuni;288;CO: SILIQUA;SILIQUA;SUD SARDEGNA
1;comuni;289;CO: SILIUS;SILIUS;SUD SARDEGNA
1;comuni;308;CO: TEMPIO PAUSANIA;TEMPIO PAUSANIA;SASSARI
1;comuni;326;CO: TRINITA' D'AGULTU E VIGNOLA;TRINITA' D'AGULTU E VIGNOLA;SASSARI
1;comuni;257;CO: SANTA TERESA GALLURA;SANTA TERESA GALLURA;SASSARI
1;comuni;110;CO: GOLFO ARANCI;GOLFO ARANCI;SASSARI
1;comuni;22;CO: BADESI;BADESI;SASSARI
1;comuni;307;CO: TELTI';TELTI';SASSARI
1;comuni;213;CO: PALAU;PALAU;SASSARI
1;comuni;202;CO: OSCHIRI;OSCHIRI;SASSARI
1;comuni;2;CO: AGLIENTU;AGLIENTU;SASSARI
1;comuni;4;CO: ALA' DEI SARDI;ALA' DEI SARDI;SASSARI
1;comuni;1;CO: AGGIUS;AGGIUS;SASSARI
1;comuni;112;CO: GONNESA;GONNESA;SUD SARDEGNA
1;comuni;108;CO: GIBA;GIBA;SUD SARDEGNA
1;comuni;105;CO: GESTURI;GESTURI;SUD SARDEGNA
1;comuni;101;CO: GENONI;GENONI;SUD SARDEGNA
1;comuni;98;CO: GAIRO;GAIRO;NUORO
1;comuni;246;CO: SAN SPERATE;SAN SPERATE;SUD SARDEGNA
1;comuni;245;CO: SAN NICOLO' GERREI;SAN NICOLO' GERREI;SUD SARDEGNA
1;comuni;51;CO: BUDONI;BUDONI;SASSARI
1;comuni;94;CO: FLUSSIO;FLUSSIO;ORISTANO
1;comuni;91;CO: ESTERZILI;ESTERZILI;SUD SARDEGNA
1;comuni;89;CO: ESCOLCA;ESCOLCA;SUD SARDEGNA
1;comuni;88;CO: ESCALAPLANO;ESCALAPLANO;SUD SARDEGNA
1;comuni;85;CO: ELINI;ELINI;NUORO
1;comuni;330;CO: ULA' TIRSO;ULA' TIRSO;ORISTANO
1;comuni;324;CO: TRESNURAGHES;TRESNURAGHES;ORISTANO
1;comuni;322;CO: TRAMATZA;TRAMATZA;ORISTANO
1;comuni;310;CO: TERRALBA;TERRALBA;ORISTANO
1;comuni;332;CO: URAS;URAS;ORISTANO
1;comuni;351;CO: VILLANOVA TRUSCHEDU;VILLANOVA TRUSCHEDU;ORISTANO
1;comuni;335;CO: USELLUS VILLA VERDE;USELLUS;ORISTANO
1;comuni;298;CO: SOLARUSSA;SOLARUSSA;ORISTANO
1;comuni;295;CO: SIRIS;SIRIS;ORISTANO
1;comuni;29;CO: BARUMINI LAS PLASSAS;BARUMINI;SUD SARDEGNA
1;comuni;301;CO: SORRADILE;SORRADILE;ORISTANO
1;comuni;16;CO: ARZANA;ARZANA;NUORO
1;comuni;212;CO: PADRU;PADRU;SASSARI
1;comuni;27;CO: BARI SARDO;BARI SARDO;NUORO
1;comuni;254;CO: SANT'ANTONIO DI GALLURA;SANT'ANTONIO DI GALLURA;SASSARI
1;comuni;136;CO: LOIRI PORTO SAN PAOLO;LOIRI PORTO SAN PAOLO;SASSARI
1;comuni;48;CO: BOSA;BOSA;ORISTANO
1;comuni;31;CO: BAUNEI;BAUNEI;NUORO
1;comuni;236;CO: SADALI;SADALI;SUD SARDEGNA
1;comuni;231;CO: QUARTU SANT'ELENA;QUARTU SANT'ELENA;CAGLIARI
1;comuni;119;CO: IGLESIAS;IGLESIAS;SUD SARDEGNA
1;comuni;217;CO: PAULI ARBAREI SIDDI;PAULI ARBAREI;SUD SARDEGNA
1;comuni;208;CO: OVODDA;OVODDA;NUORO
1;comuni;207;CO: OTTANA;OTTANA;NUORO
1;comuni;203;CO: OSIDDA;OSIDDA;NUORO
1;comuni;220;CO: PERDAXIUS;PERDAXIUS;SUD SARDEGNA
1;comuni;222;CO: PIMENTEL;PIMENTEL;SUD SARDEGNA
1;comuni;241;CO: SAN BASILIO;SAN BASILIO;SUD SARDEGNA
1;comuni;239;CO: SAMATZAI;SAMATZAI;SUD SARDEGNA
1;comuni;229;CO: PULA;PULA;CAGLIARI
1;comuni;79;CO: DOLIANOVA;DOLIANOVA;SUD SARDEGNA
1;comuni;77;CO: DECIMOPUTZU;DECIMOPUTZU;SUD SARDEGNA
1;comuni;260;CO: SARDARA;SARDARA;SUD SARDEGNA
1;comuni;253;CO: SANT'ANTIOCO;SANT'ANTIOCO;SUD SARDEGNA
1;comuni;76;CO: DECIMOMANNU;DECIMOMANNU;CAGLIARI
1;comuni;176;CO: NUORO;NUORO;NUORO
1;comuni;170;CO: NORAGUGUME;NORAGUGUME;NUORO
1;comuni;152;CO: MEANA SARDO;MEANA SARDO;NUORO
1;comuni;144;CO: MAMOIADA;MAMOIADA;NUORO
1;comuni;142;CO: MACOMER;MACOMER;NUORO
1;comuni;138;CO: LULA;LULA;NUORO
1;comuni;134;CO: LODE';LODE';NUORO
1;comuni;133;CO: LOCULI;LOCULI;NUORO
1;comuni;189;CO: OLZAI;OLZAI;NUORO
1;comuni;187;CO: OLLOLAI;OLLOLAI;NUORO
1;comuni;185;CO: OLIENA;OLIENA;NUORO
1;comuni;54;CO: BULZI;BULZI;SASSARI
1;comuni;192;CO: ONIFERI;ONIFERI;NUORO
1;comuni;191;CO: ONIFAI;ONIFAI;NUORO
1;comuni;190;CO: ONANI';ONANI';NUORO
1;comuni;7;CO: ALGHERO;ALGHERO;SASSARI
1;comuni;41;CO: BONNANARO;BONNANARO;SASSARI
1;comuni;35;CO: BESSUDE;BESSUDE;SASSARI
1;comuni;278;CO: SERRENTI;SERRENTI;SUD SARDEGNA
1;comuni;53;CO: BULTEI ANELA;BULTEI;SASSARI
1;comuni;49;CO: BOTTIDDA;BOTTIDDA;SASSARI
1;comuni;131;CO: LEI;LEI;NUORO
1;comuni;267;CO: SEGARIU;SEGARIU;SUD SARDEGNA
1;comuni;122;CO: IRGOLI;IRGOLI;NUORO
1;comuni;43;CO: BONORVA;BONORVA;SASSARI
1;comuni;42;CO: BONO;BONO;SASSARI
1;comuni;80;CO: DOMUS DE MARIA;DOMUS DE MARIA;SUD SARDEGNA
1;comuni;104;CO: GESICO;GESICO;SUD SARDEGNA
1;comuni;17;CO: ASSEMINI;ASSEMINI;CAGLIARI
1;comuni;238;CO: SAMASSI;SAMASSI;SUD SARDEGNA
1;comuni;226;CO: PORTOSCUSO;PORTOSCUSO;SUD SARDEGNA
1;comuni;250;CO: SANLURI;SANLURI;SUD SARDEGNA
1;comuni;28;CO: BARRALI;BARRALI;SUD SARDEGNA
1;comuni;23;CO: BALLAO;BALLAO;SUD SARDEGNA
1;comuni;258;CO: SANTADI;SANTADI;SUD SARDEGNA
1;comuni;55;CO: BURCEI;BURCEI;SUD SARDEGNA
1;comuni;82;CO: DONORI';DONORI';SUD SARDEGNA
1;comuni;293;CO: SINISCOLA;SINISCOLA;NUORO
1;comuni;262;CO: SARULE;SARULE;NUORO
1;comuni;227;CO: POSADA;POSADA;NUORO
1;comuni;286;CO: SILANUS;SILANUS;NUORO
1;comuni;292;CO: SINDIA;SINDIA;NUORO
1;comuni;300;CO: SORGONO;SORGONO;NUORO
1;comuni;14;CO: ARMUNGIA;ARMUNGIA;SUD SARDEGNA
1;comuni;318;CO: TONARA;TONARA;NUORO
1;comuni;315;CO: TIANA;TIANA;NUORO
1;comuni;312;CO: TETI;TETI;NUORO
1;comuni;135;CO: LODINE;LODINE;NUORO
1;comuni;319;CO: TORPE';TORPE';NUORO
1;comuni;59;CO: CAGLIARI;CAGLIARI;CAGLIARI
1;comuni;62;CO: CAPOTERRA;CAPOTERRA;CAGLIARI
1;comuni;252;CO: SANT'ANNA ARRESI;SANT'ANNA ARRESI;SUD SARDEGNA
1;comuni;56;CO: BURGOS;BURGOS;SASSARI
1;comuni;65;CO: CARGEGHE;CARGEGHE;SASSARI
1;comuni;242;CO: SAN GAVINO MONREALE;SAN GAVINO MONREALE;SUD SARDEGNA
1;comuni;277;CO: SERRAMANNA;SERRAMANNA;SUD SARDEGNA
1;comuni;243;CO: SAN GIOVANNI SUERGIU;SAN GIOVANNI SUERGIU;SUD SARDEGNA
1;comuni;100;CO: GAVOI;GAVOI;NUORO
1;comuni;99;CO: GALTELLI';GALTELLI';NUORO
1;comuni;95;CO: FONNI;FONNI;NUORO
1;comuni;147;CO: MARACALAGONIS;MARACALAGONIS;CAGLIARI
1;comuni;145;CO: MANDAS;MANDAS;SUD SARDEGNA
1;comuni;157;CO: MONASTIR;MONASTIR;SUD SARDEGNA
1;comuni;117;CO: GUASILA;GUASILA;SUD SARDEGNA
1;comuni;168;CO: NARCAO;NARCAO;SUD SARDEGNA
1;comuni;116;CO: GUAMAGGIORE;GUAMAGGIORE;SUD SARDEGNA
1;comuni;166;CO: MUSEI;MUSEI;SUD SARDEGNA
1;comuni;139;CO: LUNAMATRONA;LUNAMATRONA;SUD SARDEGNA
1;comuni;111;CO: GONI;GONI;SUD SARDEGNA
1;comuni;210;CO: PABILLONIS;PABILLONIS;SUD SARDEGNA
1;comuni;183;CO: NUXIS;NUXIS;SUD SARDEGNA
1;comuni;303;CO: STINTINO;STINTINO;SASSARI
1;comuni;37;CO: BIRORI;BIRORI;NUORO
1;comuni;32;CO: BELVI';BELVI';NUORO
1;comuni;21;CO: AUSTIS;AUSTIS;NUORO
1;comuni;20;CO: ATZARA;ATZARA;NUORO
1;comuni;13;CO: ARITZO;ARITZO;NUORO
1;comuni;309;CO: TERGU;TERGU;SASSARI
1;comuni;343;CO: VIDDALBA;VIDDALBA;SASSARI
1;comuni;341;CO: VALLEDORIA;VALLEDORIA;SASSARI
1;comuni;87;CO: ERULA;ERULA;SASSARI
1;comuni;256;CO: SANTA MARIA COGHINAS;SANTA MARIA COGHINAS;SASSARI
1;comuni;83;CO: DORGALI;DORGALI;NUORO
1;comuni;78;CO: DESULO;DESULO;NUORO
1;comuni;84;CO: DUALCHI;DUALCHI;NUORO
1;comuni;46;CO: BORTIGALI;BORTIGALI;NUORO
1;comuni;39;CO: BOLOTANA;BOLOTANA;NUORO
1;comuni;38;CO: BITTI;BITTI;NUORO
1;comuni;45;CO: BORORE;BORORE;NUORO
1;comuni;103;CO: GERGEI;GERGEI;SUD SARDEGNA
1;comuni;201;CO: ORUNE;ORUNE;NUORO
1;comuni;200;CO: ORTUERI;ORTUERI;NUORO
1;comuni;197;CO: OROTELLI;OROTELLI;NUORO
1;comuni;196;CO: OROSEI;OROSEI;NUORO
1;comuni;109;CO: GIRASOLE;GIRASOLE;NUORO
1;comuni;126;CO: JERZU;JERZU;NUORO
1;comuni;123;CO: ISILI;ISILI;SUD SARDEGNA
1;comuni;120;CO: ILBONO;ILBONO;NUORO
1;comuni;194;CO: ORGOSOLO;ORGOSOLO;NUORO
1;comuni;182;CO: NURRI SERRI VILLANOVA TULO;NURRI;SUD SARDEGNA
1;comuni;179;CO: NURALLAO;NURALLAO;SUD SARDEGNA
1;comuni;132;CO: LOCERI;LOCERI;NUORO
1;comuni;130;CO: LANUSEI;LANUSEI;NUORO
1;comuni;219;CO: PERDASDEFOGU;PERDASDEFOGU;NUORO
1;comuni;205;CO: OSINI;OSINI;NUORO
1;comuni;198;CO: ORROLI;ORROLI;SUD SARDEGNA
1;comuni;178;CO: NURAGUS;NURAGUS;SUD SARDEGNA
1;comuni;128;CO: LACONI;LACONI;ORISTANO
1;comuni;137;CO: LOTZORAI;LOTZORAI;NUORO
1;comuni;161;CO: MONTRESTA;MONTRESTA;ORISTANO
1;comuni;143;CO: MAGOMADAS;MAGOMADAS;ORISTANO
1;comuni;113;CO: GONNOSFANADIGA;GONNOSFANADIGA;SUD SARDEGNA
1;comuni;199;CO: ORTACESUS;ORTACESUS;SUD SARDEGNA
1;comuni;118;CO: GUSPINI;GUSPINI;SUD SARDEGNA
1;comuni;180;CO: NURAMINIS;NURAMINIS;SUD SARDEGNA
1;comuni;164;CO: MURAVERA;MURAVERA;SUD SARDEGNA
1;comuni;193;CO: ORANI;ORANI;NUORO
1;comuni;291;CO: SIMAXIS;SIMAXIS;ORISTANO
1;comuni;33;CO: BENETUTTI;BENETUTTI;SASSARI
1;comuni;24;CO: BANARI;BANARI;SASSARI
1;comuni;11;CO: ARDARA;ARDARA;SASSARI
1;comuni;272;CO: SENIS;SENIS;ORISTANO
1;comuni;290;CO: SIMALA;SIMALA;ORISTANO
1;comuni;284;CO: SIAMANNA;SIAMANNA;ORISTANO
1;comuni;283;CO: SIAMAGGIORE;SIAMAGGIORE;ORISTANO
1;comuni;273;CO: SENNARIOLO;SENNARIOLO;ORISTANO
1;comuni;225;CO: PORTO TORRES;PORTO TORRES;SASSARI
1;comuni;228;CO: POZZOMAGGIORE;POZZOMAGGIORE;SASSARI
1;comuni;224;CO: PLOAGHE;PLOAGHE;SASSARI
1;comuni;221;CO: PERFUGAS;PERFUGAS;SASSARI
1;comuni;209;CO: OZIERI;OZIERI;SASSARI
1;comuni;230;CO: PUTIFIGARI;PUTIFIGARI;SASSARI
1;comuni;263;CO: SASSARI;SASSARI;SASSARI
1;comuni;234;CO: ROMANA;ROMANA;SASSARI
1;comuni;73;CO: COSSOINE;COSSOINE;SASSARI
1;comuni;71;CO: CODRONGIANOS;CODRONGIANOS;SASSARI
1;comuni;70;CO: CHIARAMONTI;CHIARAMONTI;SASSARI
1;comuni;69;CO: CHEREMULE;CHEREMULE;SASSARI
1;comuni;90;CO: ESPORLATU;ESPORLATU;SASSARI
1;comuni;124;CO: ITTIREDDU;ITTIREDDU;SASSARI
1;comuni;121;CO: ILLORAI;ILLORAI;SASSARI
1;comuni;107;CO: GIAVE;GIAVE;SASSARI
1;comuni;92;CO: FLORINAS;FLORINAS;SASSARI
1;comuni;67;CO: CASTELSARDO;CASTELSARDO;SASSARI
1;comuni;125;CO: ITTIRI;ITTIRI;SASSARI
1;comuni;206;CO: OSSI;OSSI;SASSARI
1;comuni;204;CO: OSILO;OSILO;SASSARI
1;comuni;188;CO: OLMEDO;OLMEDO;SASSARI
1;comuni;175;CO: NULVI;NULVI;SASSARI
1;comuni;174;CO: NULE;NULE;SASSARI
1;comuni;172;CO: NUGHEDU SAN NICOLO';NUGHEDU SAN NICOLO';SASSARI
1;comuni;165;CO: MUROS;MUROS;SASSARI
1;comuni;162;CO: MORES;MORES;SASSARI
1;comuni;159;CO: MONTELEONE ROCCA DORIA;MONTELEONE ROCCA DORIA;SASSARI
1;comuni;149;CO: MARTIS;MARTIS;SASSARI
1;comuni;146;CO: MARA;MARA;SASSARI
1;comuni;129;CO: LAERRU;LAERRU;SASSARI
1;comuni;215;CO: PATTADA;PATTADA;SASSARI
1;comuni;211;CO: PADRIA;PADRIA;SASSARI
1;comuni;287;CO: SILIGO;SILIGO;SASSARI
1;comuni;302;CO: SORSO;SORSO;SASSARI
1;comuni;274;CO: SENNORI;SENNORI;SASSARI
1;comuni;270;CO: SEMESTENE;SEMESTENE;SASSARI
1;comuni;266;CO: SEDINI;SEDINI;SASSARI
1;comuni;336;CO: USINI;USINI;SASSARI
1;comuni;333;CO: URI;URI;SASSARI
1;comuni;350;CO: VILLANOVA MONTELEONE;VILLANOVA MONTELEONE;SASSARI
1;comuni;314;CO: THIESI BORUTTA;THIESI;SASSARI
1;comuni;328;CO: TULA;TULA;SASSARI
1;comuni;320;CO: TORRALBA;TORRALBA;SASSARI
1;comuni;317;CO: TISSI;TISSI;SASSARI
1;comuni;316;CO: TINNURA;TINNURA;ORISTANO
1;comuni;237;CO: SAGAMA;SAGAMA;ORISTANO
1;comuni;154;CO: MODOLO;MODOLO;ORISTANO
3;comuni+poi;364;POI: AEROPORTO DI CAGLIARI-ELMAS;CAGLIARI;CAGLIARI
3;comuni+poi;384;POI: PORTO DI PORTO TORRES;PORTO TORRES;SASSARI
3;comuni+poi;365;POI: AEROPORTO DI OLBIA;OLBIA;SASSARI
3;comuni+poi;377;POI: OLBIA-ARZACHENA;ARZACHENA;SASSARI
3;comuni+poi;382;POI: PORTO DI GOLFO ARANCI;GOLFO ARANCI;SASSARI
3;comuni+poi;363;POI: AEROPORTO DI ALGHERO;ALGHERO;SASSARI
3;comuni+poi;330;CO: ULA' TIRSO;ULA' TIRSO;ORISTANO
3;comuni+poi;332;CO: URAS;URAS;ORISTANO
3;comuni+poi;324;CO: TRESNURAGHES;TRESNURAGHES;ORISTANO
3;comuni+poi;322;CO: TRAMATZA;TRAMATZA;ORISTANO
3;comuni+poi;360;CO: VILLAURBANA;VILLAURBANA;ORISTANO
3;comuni+poi;351;CO: VILLANOVA TRUSCHEDU;VILLANOVA TRUSCHEDU;ORISTANO
3;comuni+poi;335;CO: USELLUS VILLA VERDE;USELLUS;ORISTANO
3;comuni+poi;310;CO: TERRALBA;TERRALBA;ORISTANO
3;comuni+poi;29;CO: BARUMINI LAS PLASSAS;BARUMINI;SUD SARDEGNA
3;comuni+poi;298;CO: SOLARUSSA;SOLARUSSA;ORISTANO
3;comuni+poi;295;CO: SIRIS;SIRIS;ORISTANO
3;comuni+poi;246;CO: SAN SPERATE;SAN SPERATE;SUD SARDEGNA
3;comuni+poi;301;CO: SORRADILE;SORRADILE;ORISTANO
3;comuni+poi;25;CO: BARATILI SAN PIETRO;BARATILI SAN PIETRO;ORISTANO
3;comuni+poi;0;CO: ABBASANTA;ABBASANTA;ORISTANO
3;comuni+poi;9;CO: ARBOREA;ARBOREA;ORISTANO
3;comuni+poi;8;CO: ALLAI;ALLAI;ORISTANO
3;comuni+poi;6;CO: ALES;ALES;ORISTANO
3;comuni+poi;5;CO: ALBAGIARA;ALBAGIARA;ORISTANO
3;comuni+poi;261;CO: SARROCH;SARROCH;CAGLIARI
3;comuni+poi;12;CO: ARDAULI;ARDAULI;ORISTANO
3;comuni+poi;3;CO: AIDOMAGGIORE;AIDOMAGGIORE;ORISTANO
3;comuni+poi;158;CO: MONSERRATO;MONSERRATO;CAGLIARI
3;comuni+poi;44;CO: BORONEDDU;BORONEDDU;ORISTANO
3;comuni+poi;40;CO: BONARCADO;BONARCADO;ORISTANO
3;comuni+poi;36;CO: BIDONI';BIDONI';ORISTANO
3;comuni+poi;30;CO: BAULADU;BAULADU;ORISTANO
3;comuni+poi;26;CO: BARESSA;BARESSA;ORISTANO
3;comuni+poi;108;CO: GIBA;GIBA;SUD SARDEGNA
3;comuni+poi;31;CO: BAUNEI;BAUNEI;NUORO
3;comuni+poi;27;CO: BARI SARDO;BARI SARDO;NUORO
3;comuni+poi;48;CO: BOSA;BOSA;ORISTANO
3;comuni+poi;212;CO: PADRU;PADRU;SASSARI
3;comuni+poi;254;CO: SANT'ANTONIO DI GALLURA;SANT'ANTONIO DI GALLURA;SASSARI
3;comuni+poi;136;CO: LOIRI PORTO SAN PAOLO;LOIRI PORTO SAN PAOLO;SASSARI
3;comuni+poi;16;CO: ARZANA;ARZANA;NUORO
3;comuni+poi;51;CO: BUDONI;BUDONI;SASSARI
3;comuni+poi;112;CO: GONNESA;GONNESA;SUD SARDEGNA
3;comuni+poi;105;CO: GESTURI;GESTURI;SUD SARDEGNA
3;comuni+poi;245;CO: SAN NICOLO' GERREI;SAN NICOLO' GERREI;SUD SARDEGNA
3;comuni+poi;101;CO: GENONI;GENONI;SUD SARDEGNA
3;comuni+poi;85;CO: ELINI;ELINI;NUORO
3;comuni+poi;98;CO: GAIRO;GAIRO;NUORO
3;comuni+poi;94;CO: FLUSSIO;FLUSSIO;ORISTANO
3;comuni+poi;91;CO: ESTERZILI;ESTERZILI;SUD SARDEGNA
3;comuni+poi;89;CO: ESCOLCA;ESCOLCA;SUD SARDEGNA
3;comuni+poi;88;CO: ESCALAPLANO;ESCALAPLANO;SUD SARDEGNA
3;comuni+poi;268;CO: SELARGIUS;SELARGIUS;CAGLIARI
3;comuni+poi;63;CO: CARBONIA;CARBONIA;SUD SARDEGNA
3;comuni+poi;66;CO: CARLOFORTE;CARLOFORTE;SUD SARDEGNA
3;comuni+poi;280;CO: SETTIMO SAN PIETRO;SETTIMO SAN PIETRO;CAGLIARI
3;comuni+poi;288;CO: SILIQUA;SILIQUA;SUD SARDEGNA
3;comuni+poi;102;CO: GENURI SETZU SINI BARADILI;GENURI;SUD SARDEGNA
3;comuni+poi;97;CO: FURTEI;FURTEI;SUD SARDEGNA
3;comuni+poi;93;CO: FLUMINIMAGGIORE;FLUMINIMAGGIORE;SUD SARDEGNA
3;comuni+poi;294;CO: SINNAI;SINNAI;CAGLIARI
3;comuni+poi;289;CO: SILIUS;SILIUS;SUD SARDEGNA
3;comuni+poi;81;CO: DOMUSNOVAS;DOMUSNOVAS;SUD SARDEGNA
3;comuni+poi;72;CO: COLLINAS;COLLINAS;SUD SARDEGNA
3;comuni+poi;279;CO: SESTU;SESTU;CAGLIARI
3;comuni+poi;275;CO: SENORBI';SENORBI';SUD SARDEGNA
3;comuni+poi;269;CO: SELEGAS;SELEGAS;SUD SARDEGNA
3;comuni+poi;249;CO: SAN VITO;SAN VITO;SUD SARDEGNA
3;comuni+poi;251;CO: SANT'ANDREA FRIUS;SANT'ANDREA FRIUS;SUD SARDEGNA
3;comuni+poi;61;CO: CALASETTA;CALASETTA;SUD SARDEGNA
3;comuni+poi;276;CO: SERDIANA;SERDIANA;SUD SARDEGNA
3;comuni+poi;52;CO: BUGGERRU;BUGGERRU;SUD SARDEGNA
3;comuni+poi;110;CO: GOLFO ARANCI;GOLFO ARANCI;SASSARI
3;comuni+poi;50;CO: BUDDUSO';BUDDUSO';SASSARI
3;comuni+poi;47;CO: BORTIGIADAS;BORTIGIADAS;SASSARI
3;comuni+poi;127;CO: LA MADDALENA;LA MADDALENA;SASSARI
3;comuni+poi;60;CO: CALANGIANUS;CALANGIANUS;SASSARI
3;comuni+poi;15;CO: ARZACHENA;ARZACHENA;SASSARI
3;comuni+poi;19;CO: ASUNI;ASUNI;ORISTANO
3;comuni+poi;34;CO: BERCHIDDA;BERCHIDDA;SASSARI
3;comuni+poi;184;CO: OLBIA;OLBIA;SASSARI
3;comuni+poi;160;CO: MONTI;MONTI;SASSARI
3;comuni+poi;141;CO: LURAS;LURAS;SASSARI
3;comuni+poi;140;CO: LUOGOSANTO;LUOGOSANTO;SASSARI
3;comuni+poi;344;CO: VILLA SAN PIETRO;VILLA SAN PIETRO;CAGLIARI
3;comuni+poi;356;CO: VILLASALTO;VILLASALTO;SUD SARDEGNA
3;comuni+poi;355;CO: VILLAPUTZU;VILLAPUTZU;SUD SARDEGNA
3;comuni+poi;357;CO: VILLASIMIUS;VILLASIMIUS;SUD SARDEGNA
3;comuni+poi;362;CO: ZERFALIU;ZERFALIU;ORISTANO
3;comuni+poi;361;CO: ZEDDIANI;ZEDDIANI;ORISTANO
3;comuni+poi;271;CO: SENEGHE;SENEGHE;ORISTANO
3;comuni+poi;265;CO: SEDILO;SEDILO;ORISTANO
3;comuni+poi;285;CO: SIAPICCIA;SIAPICCIA;ORISTANO
3;comuni+poi;297;CO: SODDI';SODDI';ORISTANO
3;comuni+poi;75;CO: CURCURIS POMPU;CURCURIS;ORISTANO
3;comuni+poi;358;CO: VILLASOR;VILLASOR;SUD SARDEGNA
3;comuni+poi;86;CO: ELMAS;ELMAS;CAGLIARI
3;comuni+poi;68;CO: CASTIADAS;CASTIADAS;SUD SARDEGNA
3;comuni+poi;18;CO: ASSOLO;ASSOLO;ORISTANO
3;comuni+poi;232;CO: QUARTUCCIU;QUARTUCCIU;CAGLIARI
3;comuni+poi;359;CO: VILLASPECIOSA;VILLASPECIOSA;SUD SARDEGNA
3;comuni+poi;326;CO: TRINITA' D'AGULTU E VIGNOLA;TRINITA' D'AGULTU E VIGNOLA;SASSARI
3;comuni+poi;308;CO: TEMPIO PAUSANIA;TEMPIO PAUSANIA;SASSARI
3;comuni+poi;257;CO: SANTA TERESA GALLURA;SANTA TERESA GALLURA;SASSARI
3;comuni+poi;22;CO: BADESI;BADESI;SASSARI
3;comuni+poi;307;CO: TELTI';TELTI';SASSARI
3;comuni+poi;2;CO: AGLIENTU;AGLIENTU;SASSARI
3;comuni+poi;4;CO: ALA' DEI SARDI;ALA' DEI SARDI;SASSARI
3;comuni+poi;1;CO: AGGIUS;AGGIUS;SASSARI
3;comuni+poi;213;CO: PALAU;PALAU;SASSARI
3;comuni+poi;202;CO: OSCHIRI;OSCHIRI;SASSARI
3;comuni+poi;296;CO: SIURGUS DONIGALA;SIURGUS DONIGALA;SUD SARDEGNA
3;comuni+poi;376;POI: OLBIA;OLBIA;SASSARI
3;comuni+poi;378;POI: OROSEI;OROSEI;NUORO
3;comuni+poi;372;POI: CHIA;DOMUS DE MARIA;SUD SARDEGNA
3;comuni+poi;374;POI: GOLFO ARANCI;GOLFO ARANCI;SASSARI
3;comuni+poi;373;POI: COSTA VERDE;ARBUS;SUD SARDEGNA
3;comuni+poi;371;POI: CASTELSARDO;CASTELSARDO;SASSARI
3;comuni+poi;370;POI: CALA GONONE;DORGALI;NUORO
3;comuni+poi;369;POI: CAGLIARI;CAGLIARI;CAGLIARI
3;comuni+poi;375;POI: MURAVERA-CASTIADAS;CASTIADAS;SUD SARDEGNA
3;comuni+poi;389;POI: SINIS-CUGLIERI;CABRAS;ORISTANO
3;comuni+poi;388;POI: SANTA TERESA GALLURA;SANTA TERESA GALLURA;SASSARI
3;comuni+poi;392;POI: VILLASIMIUS;VILLASIMIUS;SUD SARDEGNA
3;comuni+poi;391;POI: TORTOLI'-ARBATAX;TORTOLI';NUORO
3;comuni+poi;390;POI: STINTINO;STINTINO;SASSARI
3;comuni+poi;385;POI: PULA;PULA;CAGLIARI
3;comuni+poi;379;POI: PALAU;PALAU;SASSARI
3;comuni+poi;386;POI: SAN TEODORO;SAN TEODORO;SASSARI
3;comuni+poi;387;POI: SANTA MARIA NAVARRESE;BAUNEI;NUORO
3;comuni+poi;366;POI: ALGHERO;ALGHERO;SASSARI
3;comuni+poi;383;POI: PORTO DI OLBIA;OLBIA;SASSARI
3;comuni+poi;10;CO: ARBUS;ARBUS;SUD SARDEGNA
3;comuni+poi;381;POI: PORTO DI CAGLIARI;CAGLIARI;CAGLIARI
3;comuni+poi;380;POI: PORTO DI ARBATAX;TORTOLI';NUORO
3;comuni+poi;368;POI: BUDONI;BUDONI;SASSARI
3;comuni+poi;367;POI: BOSA-MAGOMADAS-TRESNURAGHES;BOSA;ORISTANO
3;comuni+poi;313;CO: TEULADA;TEULADA;SUD SARDEGNA
3;comuni+poi;304;CO: SUELLI;SUELLI;SUD SARDEGNA
3;comuni+poi;299;CO: SOLEMINIS;SOLEMINIS;SUD SARDEGNA
3;comuni+poi;347;CO: VILLAGRANDE STRISAILI;VILLAGRANDE STRISAILI;NUORO
3;comuni+poi;342;CO: VALLERMOSA;VALLERMOSA;SUD SARDEGNA
3;comuni+poi;340;CO: UTA;UTA;CAGLIARI
3;comuni+poi;64;CO: CARDEDU;CARDEDU;NUORO
3;comuni+poi;339;CO: USSASSAI;USSASSAI;NUORO
3;comuni+poi;337;CO: USSANA;USSANA;SUD SARDEGNA
3;comuni+poi;70;CO: CHIARAMONTI;CHIARAMONTI;SASSARI
3;comuni+poi;69;CO: CHEREMULE;CHEREMULE;SASSARI
3;comuni+poi;67;CO: CASTELSARDO;CASTELSARDO;SASSARI
3;comuni+poi;71;CO: CODRONGIANOS;CODRONGIANOS;SASSARI
3;comuni+poi;107;CO: GIAVE;GIAVE;SASSARI
3;comuni+poi;92;CO: FLORINAS;FLORINAS;SASSARI
3;comuni+poi;90;CO: ESPORLATU;ESPORLATU;SASSARI
3;comuni+poi;73;CO: COSSOINE;COSSOINE;SASSARI
3;comuni+poi;191;CO: ONIFAI;ONIFAI;NUORO
3;comuni+poi;190;CO: ONANI';ONANI';NUORO
3;comuni+poi;189;CO: OLZAI;OLZAI;NUORO
3;comuni+poi;187;CO: OLLOLAI;OLLOLAI;NUORO
3;comuni+poi;192;CO: ONIFERI;ONIFERI;NUORO
3;comuni+poi;65;CO: CARGEGHE;CARGEGHE;SASSARI
3;comuni+poi;56;CO: BURGOS;BURGOS;SASSARI
3;comuni+poi;54;CO: BULZI;BULZI;SASSARI
3;comuni+poi;175;CO: NULVI;NULVI;SASSARI
3;comuni+poi;174;CO: NULE;NULE;SASSARI
3;comuni+poi;172;CO: NUGHEDU SAN NICOLO';NUGHEDU SAN NICOLO';SASSARI
3;comuni+poi;165;CO: MUROS;MUROS;SASSARI
3;comuni+poi;162;CO: MORES;MORES;SASSARI
3;comuni+poi;188;CO: OLMEDO;OLMEDO;SASSARI
3;comuni+poi;204;CO: OSILO;OSILO;SASSARI
3;comuni+poi;209;CO: OZIERI;OZIERI;SASSARI
3;comuni+poi;206;CO: OSSI;OSSI;SASSARI
3;comuni+poi;125;CO: ITTIRI;ITTIRI;SASSARI
3;comuni+poi;124;CO: ITTIREDDU;ITTIREDDU;SASSARI
3;comuni+poi;121;CO: ILLORAI;ILLORAI;SASSARI
3;comuni+poi;159;CO: MONTELEONE ROCCA DORIA;MONTELEONE ROCCA DORIA;SASSARI
3;comuni+poi;149;CO: MARTIS;MARTIS;SASSARI
3;comuni+poi;146;CO: MARA;MARA;SASSARI
3;comuni+poi;129;CO: LAERRU;LAERRU;SASSARI
3;comuni+poi;142;CO: MACOMER;MACOMER;NUORO
3;comuni+poi;138;CO: LULA;LULA;NUORO
3;comuni+poi;176;CO: NUORO;NUORO;NUORO
3;comuni+poi;170;CO: NORAGUGUME;NORAGUGUME;NUORO
3;comuni+poi;152;CO: MEANA SARDO;MEANA SARDO;NUORO
3;comuni+poi;144;CO: MAMOIADA;MAMOIADA;NUORO
3;comuni+poi;122;CO: IRGOLI;IRGOLI;NUORO
3;comuni+poi;278;CO: SERRENTI;SERRENTI;SUD SARDEGNA
3;comuni+poi;53;CO: BULTEI ANELA;BULTEI;SASSARI
3;comuni+poi;267;CO: SEGARIU;SEGARIU;SUD SARDEGNA
3;comuni+poi;134;CO: LODE';LODE';NUORO
3;comuni+poi;133;CO: LOCULI;LOCULI;NUORO
3;comuni+poi;131;CO: LEI;LEI;NUORO
3;comuni+poi;185;CO: OLIENA;OLIENA;NUORO
3;comuni+poi;263;CO: SASSARI;SASSARI;SASSARI
3;comuni+poi;225;CO: PORTO TORRES;PORTO TORRES;SASSARI
3;comuni+poi;221;CO: PERFUGAS;PERFUGAS;SASSARI
3;comuni+poi;224;CO: PLOAGHE;PLOAGHE;SASSARI
3;comuni+poi;234;CO: ROMANA;ROMANA;SASSARI
3;comuni+poi;230;CO: PUTIFIGARI;PUTIFIGARI;SASSARI
3;comuni+poi;228;CO: POZZOMAGGIORE;POZZOMAGGIORE;SASSARI
3;comuni+poi;80;CO: DOMUS DE MARIA;DOMUS DE MARIA;SUD SARDEGNA
3;comuni+poi;104;CO: GESICO;GESICO;SUD SARDEGNA
3;comuni+poi;17;CO: ASSEMINI;ASSEMINI;CAGLIARI
3;comuni+poi;238;CO: SAMASSI;SAMASSI;SUD SARDEGNA
3;comuni+poi;226;CO: PORTOSCUSO;PORTOSCUSO;SUD SARDEGNA
3;comuni+poi;82;CO: DONORI';DONORI';SUD SARDEGNA
3;comuni+poi;59;CO: CAGLIARI;CAGLIARI;CAGLIARI
3;comuni+poi;55;CO: BURCEI;BURCEI;SUD SARDEGNA
3;comuni+poi;258;CO: SANTADI;SANTADI;SUD SARDEGNA
3;comuni+poi;250;CO: SANLURI;SANLURI;SUD SARDEGNA
3;comuni+poi;28;CO: BARRALI;BARRALI;SUD SARDEGNA
3;comuni+poi;23;CO: BALLAO;BALLAO;SUD SARDEGNA
3;comuni+poi;293;CO: SINISCOLA;SINISCOLA;NUORO
3;comuni+poi;262;CO: SARULE;SARULE;NUORO
3;comuni+poi;227;CO: POSADA;POSADA;NUORO
3;comuni+poi;286;CO: SILANUS;SILANUS;NUORO
3;comuni+poi;292;CO: SINDIA;SINDIA;NUORO
3;comuni+poi;300;CO: SORGONO;SORGONO;NUORO
3;comuni+poi;14;CO: ARMUNGIA;ARMUNGIA;SUD SARDEGNA
3;comuni+poi;318;CO: TONARA;TONARA;NUORO
3;comuni+poi;315;CO: TIANA;TIANA;NUORO
3;comuni+poi;312;CO: TETI;TETI;NUORO
3;comuni+poi;319;CO: TORPE';TORPE';NUORO
3;comuni+poi;135;CO: LODINE;LODINE;NUORO
3;comuni+poi;119;CO: IGLESIAS;IGLESIAS;SUD SARDEGNA
3;comuni+poi;217;CO: PAULI ARBAREI SIDDI;PAULI ARBAREI;SUD SARDEGNA
3;comuni+poi;220;CO: PERDAXIUS;PERDAXIUS;SUD SARDEGNA
3;comuni+poi;239;CO: SAMATZAI;SAMATZAI;SUD SARDEGNA
3;comuni+poi;231;CO: QUARTU SANT'ELENA;QUARTU SANT'ELENA;CAGLIARI
3;comuni+poi;222;CO: PIMENTEL;PIMENTEL;SUD SARDEGNA
3;comuni+poi;241;CO: SAN BASILIO;SAN BASILIO;SUD SARDEGNA
3;comuni+poi;7;CO: ALGHERO;ALGHERO;SASSARI
3;comuni+poi;42;CO: BONO;BONO;SASSARI
3;comuni+poi;43;CO: BONORVA;BONORVA;SASSARI
3;comuni+poi;49;CO: BOTTIDDA;BOTTIDDA;SASSARI
3;comuni+poi;41;CO: BONNANARO;BONNANARO;SASSARI
3;comuni+poi;35;CO: BESSUDE;BESSUDE;SASSARI
3;comuni+poi;208;CO: OVODDA;OVODDA;NUORO
3;comuni+poi;207;CO: OTTANA;OTTANA;NUORO
3;comuni+poi;203;CO: OSIDDA;OSIDDA;NUORO
3;comuni+poi;253;CO: SANT'ANTIOCO;SANT'ANTIOCO;SUD SARDEGNA
3;comuni+poi;76;CO: DECIMOMANNU;DECIMOMANNU;CAGLIARI
3;comuni+poi;260;CO: SARDARA;SARDARA;SUD SARDEGNA
3;comuni+poi;62;CO: CAPOTERRA;CAPOTERRA;CAGLIARI
3;comuni+poi;252;CO: SANT'ANNA ARRESI;SANT'ANNA ARRESI;SUD SARDEGNA
3;comuni+poi;229;CO: PULA;PULA;CAGLIARI
3;comuni+poi;77;CO: DECIMOPUTZU;DECIMOPUTZU;SUD SARDEGNA
3;comuni+poi;79;CO: DOLIANOVA;DOLIANOVA;SUD SARDEGNA
3;comuni+poi;334;CO: URZULEI;URZULEI;NUORO
3;comuni+poi;331;CO: ULASSAI;ULASSAI;NUORO
3;comuni+poi;325;CO: TRIEI;TRIEI;NUORO
3;comuni+poi;321;CO: TORTOLI';TORTOLI';NUORO
3;comuni+poi;327;CO: TUILI;TUILI;SUD SARDEGNA
3;comuni+poi;346;CO: VILLACIDRO;VILLACIDRO;SUD SARDEGNA
3;comuni+poi;338;CO: USSARAMANNA;USSARAMANNA;SUD SARDEGNA
3;comuni+poi;329;CO: TURRI;TURRI;SUD SARDEGNA
3;comuni+poi;311;CO: TERTENIA;TERTENIA;NUORO
3;comuni+poi;306;CO: TALANA;TALANA;NUORO
3;comuni+poi;223;CO: PISCINAS;PISCINAS;SUD SARDEGNA
3;comuni+poi;354;CO: VILLAPERUCCIO;VILLAPERUCCIO;SUD SARDEGNA
3;comuni+poi;150;CO: MASAINAS;MASAINAS;SUD SARDEGNA
3;comuni+poi;353;CO: VILLANOVAFRANCA;VILLANOVAFRANCA;SUD SARDEGNA
3;comuni+poi;57;CO: BUSACHI;BUSACHI;ORISTANO
3;comuni+poi;58;CO: CABRAS;CABRAS;ORISTANO
3;comuni+poi;348;CO: VILLAMAR;VILLAMAR;SUD SARDEGNA
3;comuni+poi;323;CO: TRATALIAS;TRATALIAS;SUD SARDEGNA
3;comuni+poi;352;CO: VILLANOVAFORRU;VILLANOVAFORRU;SUD SARDEGNA
3;comuni+poi;349;CO: VILLAMASSARGIA;VILLAMASSARGIA;SUD SARDEGNA
3;comuni+poi;178;CO: NURAGUS;NURAGUS;SUD SARDEGNA
3;comuni+poi;161;CO: MONTRESTA;MONTRESTA;ORISTANO
3;comuni+poi;143;CO: MAGOMADAS;MAGOMADAS;ORISTANO
3;comuni+poi;137;CO: LOTZORAI;LOTZORAI;NUORO
3;comuni+poi;128;CO: LACONI;LACONI;ORISTANO
3;comuni+poi;182;CO: NURRI SERRI VILLANOVA TULO;NURRI;SUD SARDEGNA
3;comuni+poi;179;CO: NURALLAO;NURALLAO;SUD SARDEGNA
3;comuni+poi;132;CO: LOCERI;LOCERI;NUORO
3;comuni+poi;130;CO: LANUSEI;LANUSEI;NUORO
3;comuni+poi;123;CO: ISILI;ISILI;SUD SARDEGNA
3;comuni+poi;120;CO: ILBONO;ILBONO;NUORO
3;comuni+poi;109;CO: GIRASOLE;GIRASOLE;NUORO
3;comuni+poi;103;CO: GERGEI;GERGEI;SUD SARDEGNA
3;comuni+poi;201;CO: ORUNE;ORUNE;NUORO
3;comuni+poi;126;CO: JERZU;JERZU;NUORO
3;comuni+poi;281;CO: SEUI;SEUI;SUD SARDEGNA
3;comuni+poi;247;CO: SAN TEODORO;SAN TEODORO;SASSARI
3;comuni+poi;305;CO: SUNI;SUNI;ORISTANO
3;comuni+poi;282;CO: SEULO GADONI;SEULO;SUD SARDEGNA
3;comuni+poi;219;CO: PERDASDEFOGU;PERDASDEFOGU;NUORO
3;comuni+poi;205;CO: OSINI;OSINI;NUORO
3;comuni+poi;198;CO: ORROLI;ORROLI;SUD SARDEGNA
3;comuni+poi;236;CO: SADALI;SADALI;SUD SARDEGNA
3;comuni+poi;214;CO: PALMAS ARBOREA;PALMAS ARBOREA;ORISTANO
3;comuni+poi;195;CO: ORISTANO;ORISTANO;ORISTANO
3;comuni+poi;233;CO: RIOLA SARDO;RIOLA SARDO;ORISTANO
3;comuni+poi;218;CO: PAULILATINO;PAULILATINO;ORISTANO
3;comuni+poi;216;CO: PAU;PAU;ORISTANO
3;comuni+poi;259;CO: SANTU LUSSURGIU;SANTU LUSSURGIU;ORISTANO
3;comuni+poi;345;CO: VILLA SANT'ANTONIO;VILLA SANT'ANTONIO;ORISTANO
3;comuni+poi;255;CO: SANTA GIUSTA;SANTA GIUSTA;ORISTANO
3;comuni+poi;264;CO: SCANO DI MONTIFERRO;SCANO DI MONTIFERRO;ORISTANO
3;comuni+poi;248;CO: SAN VERO MILIS;SAN VERO MILIS;ORISTANO
3;comuni+poi;240;CO: SAMUGHEO;SAMUGHEO;ORISTANO
3;comuni+poi;235;CO: RUINAS;RUINAS;ORISTANO
3;comuni+poi;244;CO: SAN NICOLO' D'ARCIDANO;SAN NICOLO' D'ARCIDANO;ORISTANO
3;comuni+poi;115;CO: GONNOSTRAMATZA GONNOSCODINA;GONNOSTRAMATZA;ORISTANO
3;comuni+poi;114;CO: GONNOSNO';GONNOSNO';ORISTANO
3;comuni+poi;106;CO: GHILARZA TADASUNI;GHILARZA;ORISTANO
3;comuni+poi;151;CO: MASULLAS;MASULLAS;ORISTANO
3;comuni+poi;148;CO: MARRUBIU;MARRUBIU;ORISTANO
3;comuni+poi;74;CO: CUGLIERI;CUGLIERI;ORISTANO
3;comuni+poi;96;CO: FORDONGIANUS;FORDONGIANUS;ORISTANO
3;comuni+poi;153;CO: MILIS;MILIS;ORISTANO
3;comuni+poi;186;CO: OLLASTRA;OLLASTRA;ORISTANO
3;comuni+poi;181;CO: NURECI;NURECI;ORISTANO
3;comuni+poi;177;CO: NURACHI;NURACHI;ORISTANO
3;comuni+poi;173;CO: NUGHEDU SANTA VITTORIA;NUGHEDU SANTA VITTORIA;ORISTANO
3;comuni+poi;167;CO: NARBOLIA;NARBOLIA;ORISTANO
3;comuni+poi;163;CO: MORGONGIORI;MORGONGIORI;ORISTANO
3;comuni+poi;156;CO: MOGORO;MOGORO;ORISTANO
3;comuni+poi;155;CO: MOGORELLA;MOGORELLA;ORISTANO
3;comuni+poi;171;CO: NORBELLO;NORBELLO;ORISTANO
3;comuni+poi;169;CO: NEONELI;NEONELI;ORISTANO
3;comuni+poi;200;CO: ORTUERI;ORTUERI;NUORO
3;comuni+poi;197;CO: OROTELLI;OROTELLI;NUORO
3;comuni+poi;21;CO: AUSTIS;AUSTIS;NUORO
3;comuni+poi;20;CO: ATZARA;ATZARA;NUORO
3;comuni+poi;13;CO: ARITZO;ARITZO;NUORO
3;comuni+poi;303;CO: STINTINO;STINTINO;SASSARI
3;comuni+poi;32;CO: BELVI';BELVI';NUORO
3;comuni+poi;39;CO: BOLOTANA;BOLOTANA;NUORO
3;comuni+poi;38;CO: BITTI;BITTI;NUORO
3;comuni+poi;37;CO: BIRORI;BIRORI;NUORO
3;comuni+poi;87;CO: ERULA;ERULA;SASSARI
3;comuni+poi;343;CO: VIDDALBA;VIDDALBA;SASSARI
3;comuni+poi;341;CO: VALLEDORIA;VALLEDORIA;SASSARI
3;comuni+poi;350;CO: VILLANOVA MONTELEONE;VILLANOVA MONTELEONE;SASSARI
3;comuni+poi;256;CO: SANTA MARIA COGHINAS;SANTA MARIA COGHINAS;SASSARI
3;comuni+poi;309;CO: TERGU;TERGU;SASSARI
3;comuni+poi;84;CO: DUALCHI;DUALCHI;NUORO
3;comuni+poi;83;CO: DORGALI;DORGALI;NUORO
3;comuni+poi;95;CO: FONNI;FONNI;NUORO
3;comuni+poi;99;CO: GALTELLI';GALTELLI';NUORO
3;comuni+poi;46;CO: BORTIGALI;BORTIGALI;NUORO
3;comuni+poi;45;CO: BORORE;BORORE;NUORO
3;comuni+poi;78;CO: DESULO;DESULO;NUORO
3;comuni+poi;100;CO: GAVOI;GAVOI;NUORO
3;comuni+poi;215;CO: PATTADA;PATTADA;SASSARI
3;comuni+poi;211;CO: PADRIA;PADRIA;SASSARI
3;comuni+poi;274;CO: SENNORI;SENNORI;SASSARI
3;comuni+poi;302;CO: SORSO;SORSO;SASSARI
3;comuni+poi;287;CO: SILIGO;SILIGO;SASSARI
3;comuni+poi;270;CO: SEMESTENE;SEMESTENE;SASSARI
3;comuni+poi;266;CO: SEDINI;SEDINI;SASSARI
3;comuni+poi;336;CO: USINI;USINI;SASSARI
3;comuni+poi;333;CO: URI;URI;SASSARI
3;comuni+poi;328;CO: TULA;TULA;SASSARI
3;comuni+poi;320;CO: TORRALBA;TORRALBA;SASSARI
3;comuni+poi;317;CO: TISSI;TISSI;SASSARI
3;comuni+poi;314;CO: THIESI BORUTTA;THIESI;SASSARI
3;comuni+poi;118;CO: GUSPINI;GUSPINI;SUD SARDEGNA
3;comuni+poi;113;CO: GONNOSFANADIGA;GONNOSFANADIGA;SUD SARDEGNA
3;comuni+poi;273;CO: SENNARIOLO;SENNARIOLO;ORISTANO
3;comuni+poi;272;CO: SENIS;SENIS;ORISTANO
3;comuni+poi;33;CO: BENETUTTI;BENETUTTI;SASSARI
3;comuni+poi;24;CO: BANARI;BANARI;SASSARI
3;comuni+poi;11;CO: ARDARA;ARDARA;SASSARI
3;comuni+poi;199;CO: ORTACESUS;ORTACESUS;SUD SARDEGNA
3;comuni+poi;180;CO: NURAMINIS;NURAMINIS;SUD SARDEGNA
3;comuni+poi;164;CO: MURAVERA;MURAVERA;SUD SARDEGNA
3;comuni+poi;194;CO: ORGOSOLO;ORGOSOLO;NUORO
3;comuni+poi;193;CO: ORANI;ORANI;NUORO
3;comuni+poi;196;CO: OROSEI;OROSEI;NUORO
3;comuni+poi;291;CO: SIMAXIS;SIMAXIS;ORISTANO
3;comuni+poi;290;CO: SIMALA;SIMALA;ORISTANO
3;comuni+poi;284;CO: SIAMANNA;SIAMANNA;ORISTANO
3;comuni+poi;283;CO: SIAMAGGIORE;SIAMAGGIORE;ORISTANO
3;comuni+poi;243;CO: SAN GIOVANNI SUERGIU;SAN GIOVANNI SUERGIU;SUD SARDEGNA
3;comuni+poi;242;CO: SAN GAVINO MONREALE;SAN GAVINO MONREALE;SUD SARDEGNA
3;comuni+poi;168;CO: NARCAO;NARCAO;SUD SARDEGNA
3;comuni+poi;116;CO: GUAMAGGIORE;GUAMAGGIORE;SUD SARDEGNA
3;comuni+poi;166;CO: MUSEI;MUSEI;SUD SARDEGNA
3;comuni+poi;139;CO: LUNAMATRONA;LUNAMATRONA;SUD SARDEGNA
3;comuni+poi;111;CO: GONI;GONI;SUD SARDEGNA
3;comuni+poi;277;CO: SERRAMANNA;SERRAMANNA;SUD SARDEGNA
3;comuni+poi;157;CO: MONASTIR;MONASTIR;SUD SARDEGNA
3;comuni+poi;147;CO: MARACALAGONIS;MARACALAGONIS;CAGLIARI
3;comuni+poi;117;CO: GUASILA;GUASILA;SUD SARDEGNA
3;comuni+poi;210;CO: PABILLONIS;PABILLONIS;SUD SARDEGNA
3;comuni+poi;183;CO: NUXIS;NUXIS;SUD SARDEGNA
3;comuni+poi;145;CO: MANDAS;MANDAS;SUD SARDEGNA
3;comuni+poi;316;CO: TINNURA;TINNURA;ORISTANO
3;comuni+poi;237;CO: SAGAMA;SAGAMA;ORISTANO
3;comuni+poi;154;CO: MODOLO;MODOLO;ORISTANO
2;province;4;PR: PROVINCIA DI SASSARI;PROVINCIA DI SASSARI;PROVINCIA DI SASSARI
2;province;3;PR: PROVINCIA DI ORISTANO;PROVINCIA DI ORISTANO;PROVINCIA DI ORISTANO
2;province;2;PR: PROVINCIA DI NUORO;PROVINCIA DI NUORO;PROVINCIA DI NUORO
2;province;1;PR: PROVINCIA DEL SUD SARDEGNA;PROVINCIA DEL SUD SARDEGNA;PROVINCIA DEL SUD SARDEGNA
2;province;0;PR: CITTA' METROPOLITANA DI CAGLIARI;CITTA' METROPOLITANA DI CAGLIARI;CITTA' METROPOLITANA DI CAGLIARI
4;province+poi;1;POI: AEROPORTO DI CAGLIARI-ELMAS;CAGLIARI;CAGLIARI
4;province+poi;21;POI: PORTO DI PORTO TORRES;PORTO TORRES;SASSARI
4;province+poi;2;POI: AEROPORTO DI OLBIA;OLBIA;SASSARI
4;province+poi;14;POI: OLBIA-ARZACHENA;ARZACHENA;SASSARI
4;province+poi;19;POI: PORTO DI GOLFO ARANCI;GOLFO ARANCI;SASSARI
4;province+poi;0;POI: AEROPORTO DI ALGHERO;ALGHERO;SASSARI
4;province+poi;31;PR: PROVINCIA DEL SUD SARDEGNA;PROVINCIA DEL SUD SARDEGNA;PROVINCIA DEL SUD SARDEGNA
4;province+poi;33;PR: PROVINCIA DI ORISTANO;PROVINCIA DI ORISTANO;PROVINCIA DI ORISTANO
4;province+poi;13;POI: OLBIA;OLBIA;SASSARI
4;province+poi;15;POI: OROSEI;OROSEI;NUORO
4;province+poi;9;POI: CHIA;DOMUS DE MARIA;SUD SARDEGNA
4;province+poi;11;POI: GOLFO ARANCI;GOLFO ARANCI;SASSARI
4;province+poi;10;POI: COSTA VERDE;ARBUS;SUD SARDEGNA
4;province+poi;8;POI: CASTELSARDO;CASTELSARDO;SASSARI
4;province+poi;7;POI: CALA GONONE;DORGALI;NUORO
4;province+poi;6;POI: CAGLIARI;CAGLIARI;CAGLIARI
4;province+poi;12;POI: MURAVERA-CASTIADAS;CASTIADAS;SUD SARDEGNA
4;province+poi;26;POI: SINIS-CUGLIERI;CABRAS;ORISTANO
4;province+poi;25;POI: SANTA TERESA GALLURA;SANTA TERESA GALLURA;SASSARI
4;province+poi;29;POI: VILLASIMIUS;VILLASIMIUS;SUD SARDEGNA
4;province+poi;28;POI: TORTOLI'-ARBATAX;TORTOLI';NUORO
4;province+poi;27;POI: STINTINO;STINTINO;SASSARI
4;province+poi;22;POI: PULA;PULA;CAGLIARI
4;province+poi;16;POI: PALAU;PALAU;SASSARI
4;province+poi;23;POI: SAN TEODORO;SAN TEODORO;SASSARI
4;province+poi;24;POI: SANTA MARIA NAVARRESE;BAUNEI;NUORO
4;province+poi;3;POI: ALGHERO;ALGHERO;SASSARI
4;province+poi;20;POI: PORTO DI OLBIA;OLBIA;SASSARI
4;province+poi;18;POI: PORTO DI CAGLIARI;CAGLIARI;CAGLIARI
4;province+poi;17;POI: PORTO DI ARBATAX;TORTOLI';NUORO
4;province+poi;5;POI: BUDONI;BUDONI;SASSARI
4;province+poi;4;POI: BOSA-MAGOMADAS-TRESNURAGHES;BOSA;ORISTANO
4;province+poi;34;PR: PROVINCIA DI SASSARI;PROVINCIA DI SASSARI;PROVINCIA DI SASSARI
4;province+poi;30;PR: CITTA' METROPOLITANA DI CAGLIARI;CITTA' METROPOLITANA DI CAGLIARI;CITTA' METROPOLITANA DI CAGLIARI
4;province+poi;32;PR: PROVINCIA DI NUORO;PROVINCIA DI NUORO;PROVINCIA DI NUORO
